model_a,model_b,both_correct,a_only,b_only,both_wrong,disagreements,p_value_exact
google_genai_gemma4_31b_think_high_implicit_hate,svm_implicit_hate_test200,48,98,27,17,125,1.1784452984726365e-10
self_debate_gemini31_flash_think_high_implicit_h,svm_implicit_hate_test200,50,93,25,22,118,2.127355596095493e-10
google_genai_gemini31_flash_think_high_implicit_,svm_implicit_hate_test200,51,93,24,22,117,8.889484446408732e-11
google_genai_gemma4_31b_think_high_implicit_hate,emb_umap_head_logreg_implicit_hate_trainseed100_,57,89,28,16,117,1.3661272708326289e-08
multilabel_gemini31_flash_think_high_implicit_ha,svm_implicit_hate_test200,53,92,22,23,114,2.283186349936991e-11
self_debate_gemini31_flash_think_high_implicit_h,tfidf_xgb_implicit_hate_test200,59,84,28,19,112,1.1106999545541781e-07
google_genai_gemini31_flash_think_high_implicit_,emb_umap_head_logreg_implicit_hate_traintier5000,54,90,21,25,111,2.3144662509616954e-11
google_genai_gemma4_31b_think_high_implicit_hate,emb_umap_head_logreg_implicit_hate_traintier5000,55,91,20,24,111,5.252559123485004e-12
google_genai_gemini31_flash_think_low_implicit_h,svm_implicit_hate_test200,53,89,22,26,111,9.633963090742948e-11
google_genai_gemma4_31b_think_high_implicit_hate,tfidf_xgb_implicit_hate_test200,61,85,26,18,111,1.6986304619987468e-08
multilabel_gemini31_flash_think_high_implicit_ha,emb_umap_head_logreg_implicit_hate_traintier5000,55,90,20,25,110,8.637551655996456e-12
self_debate_gemini31_flash_think_high_implicit_h,emb_umap_head_logreg_implicit_hate_traintier5000,54,89,21,26,110,3.7651773363237467e-11
google_genai_gemini31_flash_think_high_implicit_,tfidf_xgb_implicit_hate_test200,61,83,26,20,109,4.012118368340236e-08
google_genai_gemini31_flash_think_high_implicit_,emb_umap_head_logreg_implicit_hate_trainseed100_,60,84,25,21,109,1.2159603232656297e-08
self_debate_gemini31_flash_think_high_implicit_h,emb_umap_head_logreg_implicit_hate_trainseed100_,60,83,25,22,108,1.8829338019072798e-08
google_genai_gemma4_31b_think_high_implicit_hate,emb_umap_head_xgb_implicit_hate_trainseed100_tes,65,81,27,17,108,1.9074127708662278e-07
multilabel_gemini31_flash_think_high_implicit_ha,emb_umap_head_logreg_implicit_hate_trainseed100_,62,83,23,22,106,3.787227599932374e-09
google_genai_gemma4_31b_think_high_implicit_hate,emb_umap_head_knn_implicit_hate_trainseed100_tes,68,78,28,16,106,1.2512242751511518e-06
google_genai_gemini31_flash_think_low_implicit_h,emb_umap_head_logreg_implicit_hate_traintier5000,56,86,19,29,105,2.3037546341100945e-11
multilabel_gemini31_flash_think_high_implicit_ha,tfidf_xgb_implicit_hate_test200,64,81,23,22,104,9.344702083080035e-09
google_genai_gemini31_flash_think_low_implicit_h,tfidf_xgb_implicit_hate_test200,63,79,24,24,103,4.980762968257179e-08
google_genai_gemini31_flash_think_low_implicit_h,emb_umap_head_logreg_implicit_hate_trainseed100_,63,79,22,26,101,1.012134755360389e-08
google_genai_gemini31_flash_think_high_implicit_,emb_umap_head_knn_implicit_hate_trainseed100_tes,70,74,26,20,100,1.6673626494501009e-06
self_debate_gemini31_flash_think_high_implicit_h,emb_umap_head_knn_implicit_hate_trainseed100_tes,70,73,26,21,99,2.484126139511977e-06
google_genai_gemini31_flash_think_high_implicit_,emb_umap_head_xgb_implicit_hate_trainseed100_tes,69,75,23,23,98,1.3172242120654855e-07
self_debate_gemini31_flash_think_high_implicit_h,emb_umap_head_xgb_implicit_hate_trainseed100_tes,69,74,23,24,97,2.0271090753126984e-07
multilabel_gemini31_flash_think_high_implicit_ha,emb_umap_head_knn_implicit_hate_trainseed100_tes,73,72,23,22,95,4.757482385242055e-07
multilabel_gemini31_flash_think_high_implicit_ha,emb_umap_head_xgb_implicit_hate_trainseed100_tes,71,74,21,24,95,4.24989199238447e-08
google_genai_gemma4_31b_think_high_implicit_hate,google_genai_gemma3_4b_implicit_hate_bs5_trainse,79,67,26,18,93,2.5258189217190576e-05
google_genai_gemini31_flash_think_low_implicit_h,emb_umap_head_knn_implicit_hate_trainseed100_tes,73,69,23,25,92,1.670436795024911e-06
gemma_implicit_hate_test200,svm_implicit_hate_test200,44,60,31,55,91,0.00311268984839376
google_genai_gemini31_flash_think_low_implicit_h,emb_umap_head_xgb_implicit_hate_trainseed100_tes,72,70,20,28,90,1.1363565084238009e-07
self_debate_gemini31_flash_think_high_implicit_h,google_genai_gemma3_4b_implicit_hate_bs5_trainse,80,63,25,22,88,6.270382771223793e-05
google_genai_gemma4_31b_think_high_implicit_hate,gemma_implicit_hate_test200,81,65,23,21,88,8.50110761369032e-06
google_genai_gemma3_27b_implicit_hate_bs10_train,emb_umap_head_logreg_implicit_hate_traintier5000,64,76,11,39,87,4.211350509515077e-13
google_genai_gemini31_flash_think_high_implicit_,gemma_implicit_hate_test200,81,63,23,23,86,1.8762796900073088e-05
google_genai_gemma3_27b_implicit_hate_bs3_trains,emb_umap_head_logreg_implicit_hate_traintier5000,61,72,14,43,86,1.4450157667486737e-10
self_debate_gemini31_flash_think_high_implicit_h,emb_umap_head_knn_implicit_hate_traintier5000_te,82,61,25,22,86,0.00013037942991199537
google_genai_gemini31_flash_think_high_implicit_,google_genai_gemma3_4b_implicit_hate_bs5_trainse,82,62,23,23,85,2.7713609491245692e-05
google_genai_gemma4_31b_think_high_implicit_hate,emb_umap_head_knn_implicit_hate_traintier5000_te,84,62,23,21,85,2.7713609491245692e-05
google_genai_gemma3_27b_implicit_hate_bs5_trains,tfidf_xgb_implicit_hate_test200,69,66,18,37,84,1.3328736909323258e-07
google_genai_gemma3_27b_implicit_hate_bs5_trains,emb_umap_head_logreg_implicit_hate_traintier5000,63,72,12,43,84,1.3932285101509037e-11
google_genai_gemma4_31b_think_high_implicit_hate,google_genai_gemma3_4b_implicit_hate_bs3_trainse,89,57,27,17,84,0.0014044946311139559
multilabel_gemini31_flash_think_high_implicit_ha,google_genai_gemma3_4b_implicit_hate_bs5_trainse,83,62,22,23,84,1.4655953475888016e-05
google_genai_gemma3_27b_implicit_hate_bs10_train,tfidf_xgb_implicit_hate_test200,72,68,15,35,83,3.1961254620309685e-09
self_debate_gemini31_flash_think_high_implicit_h,gemma_implicit_hate_test200,82,61,22,25,83,2.1806574627155318e-05
google_genai_gemma4_31b_think_high_implicit_hate,google_genai_gemma3_4b_implicit_hate_bs10_trains,89,57,26,18,83,0.0008775517800028651
gemma_implicit_hate_test200,tfidf_xgb_implicit_hate_test200,54,50,33,53,83,0.07841962481580764
google_genai_gemini31_flash_think_high_implicit_,emb_umap_head_knn_implicit_hate_traintier5000_te,84,60,23,23,83,5.973595638605142e-05
google_genai_gemma4_31b_think_high_implicit_hate,emb_umap_head_xgb_implicit_hate_traintier5000_te,88,58,24,20,82,0.00022196403499337815
gemma_implicit_hate_test200,emb_umap_head_xgb_implicit_hate_trainseed100_tes,57,47,35,51,82,0.22424452830608183
google_genai_gemini31_flash_think_low_implicit_h,emb_umap_head_knn_implicit_hate_traintier5000_te,84,58,23,25,81,0.0001266111519644753
self_debate_gemini31_flash_think_high_implicit_h,google_genai_gemma3_4b_implicit_hate_bs3_trainse,89,54,27,20,81,0.003596347718824061
multilabel_gemini31_flash_think_high_implicit_ha,gemma_implicit_hate_test200,84,61,20,25,81,5.656214894965935e-06
google_genai_gemini31_flash_think_low_implicit_h,google_genai_gemma3_4b_implicit_hate_bs5_trainse,83,59,22,26,81,4.769842118193509e-05
emb_umap_head_knn_implicit_hate_traintier5000_te,gemma_implicit_hate_test200,65,42,39,44,81,0.824313215105208
gemma_implicit_hate_test200,emb_umap_head_logreg_implicit_hate_traintier5000,49,55,26,60,81,0.001688638072721023
google_genai_gemma3_4b_implicit_hate_bs3_trainse,emb_umap_head_logreg_implicit_hate_traintier5000,55,61,20,54,81,5.656214894965935e-06
google_genai_gemini31_flash_think_low_implicit_h,gemma_implicit_hate_test200,83,59,21,27,80,2.5291102564670602e-05
multilabel_gemini31_flash_think_high_implicit_ha,emb_umap_head_knn_implicit_hate_traintier5000_te,86,59,21,24,80,2.5291102564670602e-05
self_debate_gemini31_flash_think_high_implicit_h,google_genai_gemma3_4b_implicit_hate_bs10_trains,89,54,26,21,80,0.002324541288088704
google_genai_gemma3_27b_implicit_hate_bs3_trains,tfidf_xgb_implicit_hate_test200,70,63,17,40,80,2.2661405044675463e-07
gemma_implicit_hate_test200,emb_umap_head_knn_implicit_hate_trainseed100_tes,60,44,36,50,80,0.43404225534547874
google_genai_gemini31_flash_think_high_implicit_,emb_umap_head_xgb_implicit_hate_traintier5000_te,88,56,24,22,80,0.0004515172719148108
self_debate_gemini31_flash_think_high_implicit_h,emb_umap_head_xgb_implicit_hate_traintier5000_te,88,55,24,23,79,0.0006393977673643526
google_genai_gemma3_4b_implicit_hate_bs10_trains,emb_umap_head_logreg_implicit_hate_traintier5000,56,59,19,56,78,6.41506390670917e-06
setfit_implicit_hate_trainseed100_test200,gemma_implicit_hate_test200,73,47,31,39,78,0.08878242522208005
google_genai_gemma3_27b_implicit_hate_bs10_train,gemma_implicit_hate_test200,83,57,21,29,78,5.5711164864691095e-05
google_genai_gemini31_flash_think_high_implicit_,google_genai_gemma3_4b_implicit_hate_bs3_trainse,91,53,25,21,78,0.00203114037416273
google_genai_gemini31_flash_think_high_implicit_,google_genai_gemma3_4b_implicit_hate_bs10_trains,91,53,24,22,77,0.0012632268710478355
gemma_implicit_hate_test200,emb_umap_head_logreg_implicit_hate_trainseed100_,56,48,29,57,77,0.03953953287797775
google_genai_gemma3_27b_implicit_hate_bs10_train,svm_implicit_hate_test200,69,71,6,44,77,3.418320890290292e-15
google_genai_gemma3_27b_implicit_hate_bs5_trains,svm_implicit_hate_test200,67,68,8,47,76,5.632907524806409e-13
google_genai_gemma3_4b_implicit_hate_bs3_trainse,gemma_implicit_hate_test200,72,44,32,42,76,0.20673684180839247
google_genai_gemini31_flash_think_low_implicit_h,emb_umap_head_xgb_implicit_hate_traintier5000_te,89,53,23,25,76,0.0007645817391550476
google_genai_gemma4_31b_think_high_implicit_hate,setfit_implicit_hate_trainseed100_test200,95,51,25,19,76,0.0038362357516146263
emb_umap_head_xgb_implicit_hate_traintier5000_te,gemma_implicit_hate_test200,70,42,34,44,76,0.42219110499231566
gemma_implicit_hate_test200,google_genai_gemma3_4b_implicit_hate_bs5_trainse,67,37,38,48,75,1.0
google_genai_gemma3_27b_implicit_hate_bs3_trains,gemma_implicit_hate_test200,81,52,23,34,75,0.0010795155066662817
google_genai_gemma3_27b_implicit_hate_bs5_trains,gemma_implicit_hate_test200,82,53,22,33,75,0.00044964797164381224
multilabel_gemini31_flash_think_high_implicit_ha,google_genai_gemma3_4b_implicit_hate_bs3_trainse,93,52,23,22,75,0.0010795155066662817
multilabel_gemini31_flash_think_high_implicit_ha,emb_umap_head_xgb_implicit_hate_traintier5000_te,91,54,21,24,75,0.00017630923003028777
google_genai_gemma3_4b_implicit_hate_bs10_trains,gemma_implicit_hate_test200,72,43,32,43,75,0.24804574189252784
multilabel_gemini31_flash_think_high_implicit_ha,google_genai_gemma3_4b_implicit_hate_bs10_trains,93,52,22,23,74,0.0006428073490507027
google_genai_gemini31_flash_think_high_implicit_,setfit_implicit_hate_trainseed100_test200,95,49,25,21,74,0.007084252673880489
google_genai_gemma3_4b_implicit_hate_bs3_trainse,tfidf_xgb_implicit_hate_test200,65,51,22,52,73,0.0009142745821630902
self_debate_gemini31_flash_think_high_implicit_h,setfit_implicit_hate_trainseed100_test200,95,48,25,22,73,0.009542211425865477
google_genai_gemini31_flash_think_low_implicit_h,google_genai_gemma3_4b_implicit_hate_bs3_trainse,93,49,23,25,72,0.002942760530124976
google_genai_gemma3_4b_implicit_hate_bs5_trainse,emb_umap_head_logreg_implicit_hate_traintier5000,54,51,21,64,72,0.0005349642016498918
google_genai_gemini31_flash_think_low_implicit_h,google_genai_gemma3_4b_implicit_hate_bs10_trains,93,49,22,26,71,0.0018204049356112858
multilabel_gemini31_flash_think_high_implicit_ha,setfit_implicit_hate_trainseed100_test200,97,48,23,22,71,0.004065116124638666
google_genai_gemma3_27b_implicit_hate_bs3_trains,svm_implicit_hate_test200,69,64,6,51,70,2.44272646814786e-13
google_genai_gemma3_4b_implicit_hate_bs10_trains,tfidf_xgb_implicit_hate_test200,67,48,20,55,68,0.0009143907212875585
google_genai_gemini31_flash_think_low_implicit_h,setfit_implicit_hate_trainseed100_test200,97,45,23,25,68,0.01033766119369546
emb_umap_head_xgb_implicit_hate_traintier5000_te,tfidf_xgb_implicit_hate_test200,66,46,21,57,67,0.0030653176696087397
setfit_implicit_hate_trainseed100_test200,tfidf_xgb_implicit_hate_test200,70,50,17,53,67,6.73797366691546e-05
google_genai_gemma3_4b_implicit_hate_bs3_trainse,svm_implicit_hate_test200,63,53,12,62,65,2.7862343424643344e-07
setfit_implicit_hate_trainseed100_test200,emb_umap_head_logreg_implicit_hate_traintier5000,65,55,10,60,65,1.1753602809018608e-08
google_genai_gemma3_27b_implicit_hate_bs10_train,emb_umap_head_logreg_implicit_hate_trainseed100_,80,60,5,45,65,4.869560700851427e-13
emb_umap_head_xgb_implicit_hate_traintier5000_te,emb_umap_head_logreg_implicit_hate_traintier5000,61,51,14,64,65,4.475224849487538e-06
google_genai_gemma3_4b_implicit_hate_bs5_trainse,tfidf_xgb_implicit_hate_test200,64,41,23,62,64,0.0327657590988232
google_genai_gemma3_27b_implicit_hate_bs5_trains,emb_umap_head_logreg_implicit_hate_trainseed100_,78,57,7,48,64,7.638141345540223e-11
emb_umap_head_knn_implicit_hate_traintier5000_te,tfidf_xgb_implicit_hate_test200,65,42,22,61,64,0.01685819004428113
emb_umap_head_knn_implicit_hate_traintier5000_te,emb_umap_head_logreg_implicit_hate_traintier5000,59,48,16,67,64,7.733076881287027e-05
google_genai_gemma4_31b_think_high_implicit_hate,google_genai_gemma3_27b_implicit_hate_bs3_trains,108,38,25,19,63,0.12991792302255253
google_genai_gemma3_27b_implicit_hate_bs3_trains,emb_umap_head_logreg_implicit_hate_trainseed100_,78,55,7,50,62,2.4300843108615577e-10
google_genai_gemma3_27b_implicit_hate_bs10_train,emb_umap_head_xgb_implicit_hate_trainseed100_tes,85,55,7,43,62,2.4300843108615577e-10
emb_umap_head_knn_implicit_hate_traintier5000_te,emb_umap_head_xgb_implicit_hate_trainseed100_tes,69,38,23,60,61,0.07217743850092258
google_genai_gemma3_27b_implicit_hate_bs10_train,emb_umap_head_knn_implicit_hate_traintier5000_te,93,47,14,36,61,2.7191876822818543e-05
google_genai_gemma3_27b_implicit_hate_bs5_trains,emb_umap_head_xgb_implicit_hate_trainseed100_tes,83,52,9,46,61,1.802802378388091e-08
google_genai_gemma3_4b_implicit_hate_bs10_trains,emb_umap_head_xgb_implicit_hate_traintier5000_te,84,31,28,47,59,0.794843653982861
google_genai_gemma3_27b_implicit_hate_bs3_trains,emb_umap_head_xgb_implicit_hate_trainseed100_tes,83,50,9,48,59,5.264832102225281e-08
google_genai_gemma3_4b_implicit_hate_bs3_trainse,emb_umap_head_knn_implicit_hate_traintier5000_te,82,34,25,49,59,0.2975952082844287
google_genai_gemma4_31b_think_high_implicit_hate,google_genai_gemma3_27b_implicit_hate_bs5_trains,111,35,24,20,59,0.19252645776146274
setfit_implicit_hate_trainseed100_test200,svm_implicit_hate_test200,68,52,7,63,59,1.3589917802203644e-09
google_genai_gemma3_4b_implicit_hate_bs3_trainse,emb_umap_head_logreg_implicit_hate_trainseed100_,71,45,14,60,59,6.530630444913366e-05
google_genai_gemma3_27b_implicit_hate_bs10_train,emb_umap_head_knn_implicit_hate_trainseed100_tes,89,51,7,43,58,2.4021645783633976e-09
google_genai_gemma3_4b_implicit_hate_bs3_trainse,emb_umap_head_xgb_implicit_hate_traintier5000_te,85,31,27,47,58,0.6940040940761318
google_genai_gemma3_4b_implicit_hate_bs10_trains,svm_implicit_hate_test200,66,49,9,66,58,8.959402428981857e-08
self_debate_gemini31_flash_think_high_implicit_h,google_genai_gemma3_27b_implicit_hate_bs3_trains,109,34,24,23,58,0.23704711476271959
google_genai_gemma4_31b_think_high_implicit_hate,google_genai_gemma3_27b_implicit_hate_bs10_train,114,32,26,18,58,0.5118423084381691
google_genai_gemma3_27b_implicit_hate_bs5_trains,emb_umap_head_knn_implicit_hate_traintier5000_te,92,43,15,40,58,0.000306947015546566
google_genai_gemma3_4b_implicit_hate_bs10_trains,emb_umap_head_xgb_implicit_hate_trainseed100_tes,75,40,17,58,57,0.0032015437674503813
emb_umap_head_xgb_implicit_hate_traintier5000_te,google_genai_gemma3_4b_implicit_hate_bs5_trainse,80,32,25,53,57,0.42704285650325524
setfit_implicit_hate_trainseed100_test200,google_genai_gemma3_4b_implicit_hate_bs5_trainse,84,36,21,49,57,0.06273668035582848
google_genai_gemma3_27b_implicit_hate_bs5_trains,emb_umap_head_knn_implicit_hate_trainseed100_tes,87,48,9,46,57,1.5201952291432616e-07
google_genai_gemini31_flash_think_high_implicit_,google_genai_gemma3_27b_implicit_hate_bs3_trains,110,34,23,23,57,0.18485048241641844
emb_umap_head_xgb_implicit_hate_traintier5000_te,svm_implicit_hate_test200,65,47,10,68,57,7.513043097095994e-07
google_genai_gemma3_4b_implicit_hate_bs10_trains,emb_umap_head_knn_implicit_hate_traintier5000_te,83,32,24,51,56,0.34968195298368476
google_genai_gemma3_4b_implicit_hate_bs3_trainse,emb_umap_head_knn_implicit_hate_trainseed100_tes,78,38,18,56,56,0.01045481832189218
emb_umap_head_knn_implicit_hate_traintier5000_te,svm_implicit_hate_test200,63,44,12,71,56,2.0876568218419767e-05
google_genai_gemma3_4b_implicit_hate_bs5_trainse,emb_umap_head_xgb_implicit_hate_trainseed100_tes,71,34,21,64,55,0.10478948242660333
emb_umap_head_xgb_implicit_hate_trainseed100_tes,tfidf_xgb_implicit_hate_test200,62,30,25,73,55,0.5900533317766354
google_genai_gemini31_flash_think_high_implicit_,google_genai_gemma3_27b_implicit_hate_bs5_trains,112,32,23,23,55,0.2806097176983541
setfit_implicit_hate_trainseed100_test200,google_genai_gemma3_4b_implicit_hate_bs10_trains,90,30,25,45,55,0.5900533317766354
google_genai_gemma3_27b_implicit_hate_bs3_trains,emb_umap_head_knn_implicit_hate_trainseed100_tes,87,46,9,48,55,4.336383137015787e-07
self_debate_gemini31_flash_think_high_implicit_h,google_genai_gemma3_27b_implicit_hate_bs5_trains,112,31,23,24,54,0.3408909412200971
multilabel_gemini31_flash_think_high_implicit_ha,google_genai_gemma3_27b_implicit_hate_bs3_trains,112,33,21,24,54,0.13367423536410522
google_genai_gemini31_flash_think_high_implicit_,google_genai_gemma3_27b_implicit_hate_bs10_train,115,29,25,21,54,0.6834892282353371
setfit_implicit_hate_trainseed100_test200,google_genai_gemma3_4b_implicit_hate_bs3_trainse,91,29,25,45,54,0.6834892282353371
setfit_implicit_hate_trainseed100_test200,emb_umap_head_xgb_implicit_hate_trainseed100_tes,79,41,13,57,54,0.00017512673440589485
google_genai_gemma3_4b_implicit_hate_bs10_trains,emb_umap_head_logreg_implicit_hate_trainseed100_,73,42,12,63,54,5.209447200793526e-05
google_genai_gemma3_4b_implicit_hate_bs5_trainse,emb_umap_head_logreg_implicit_hate_trainseed100_,68,37,17,68,54,0.009073340339587174
google_genai_gemma3_4b_implicit_hate_bs3_trainse,emb_umap_head_xgb_implicit_hate_trainseed100_tes,77,39,15,59,54,0.0014962588853935084
google_genai_gemma3_27b_implicit_hate_bs3_trains,emb_umap_head_knn_implicit_hate_traintier5000_te,93,40,14,43,54,0.0005354355028570622
self_debate_gemini31_flash_think_high_implicit_h,google_genai_gemma3_27b_implicit_hate_bs10_train,115,28,25,22,53,0.7838463022094988
setfit_implicit_hate_trainseed100_test200,emb_umap_head_logreg_implicit_hate_trainseed100_,76,44,9,61,53,1.220851017613711e-06
emb_umap_head_knn_implicit_hate_traintier5000_te,emb_umap_head_logreg_implicit_hate_trainseed100_,70,37,15,68,52,0.003185253447776759
emb_umap_head_xgb_implicit_hate_traintier5000_te,emb_umap_head_xgb_implicit_hate_trainseed100_tes,76,36,16,62,52,0.0077874363057435225
setfit_implicit_hate_trainseed100_test200,emb_umap_head_knn_implicit_hate_trainseed100_tes,82,38,14,56,52,0.0011951203200073481
emb_umap_head_knn_implicit_hate_traintier5000_te,google_genai_gemma3_4b_implicit_hate_bs5_trainse,80,27,25,58,52,0.8898839652765371
emb_umap_head_xgb_implicit_hate_traintier5000_te,emb_umap_head_logreg_implicit_hate_trainseed100_,73,39,12,66,51,0.0001980394513374506
google_genai_gemma3_4b_implicit_hate_bs5_trainse,svm_implicit_hate_test200,65,40,10,75,50,2.3861331676755526e-05
google_genai_gemma3_27b_implicit_hate_bs10_train,emb_umap_head_xgb_implicit_hate_traintier5000_te,101,39,11,39,50,9.021490107130603e-05
multilabel_gemini31_flash_think_high_implicit_ha,google_genai_gemma3_27b_implicit_hate_bs5_trains,115,30,20,25,50,0.20263875106454066
google_genai_gemma3_27b_implicit_hate_bs5_trains,setfit_implicit_hate_trainseed100_test200,103,32,17,38,49,0.04438416098714981
google_genai_gemma3_27b_implicit_hate_bs5_trains,emb_umap_head_xgb_implicit_hate_traintier5000_te,99,36,13,42,49,0.001402688503695515
google_genai_gemma3_27b_implicit_hate_bs3_trains,setfit_implicit_hate_trainseed100_test200,102,31,18,39,49,0.08543313315739454
multilabel_gemini31_flash_think_high_implicit_ha,google_genai_gemma3_27b_implicit_hate_bs10_train,118,27,22,23,49,0.5681724128491652
setfit_implicit_hate_trainseed100_test200,emb_umap_head_xgb_implicit_hate_traintier5000_te,92,28,20,50,48,0.31232680747326935
google_genai_gemma3_27b_implicit_hate_bs10_train,setfit_implicit_hate_trainseed100_test200,106,34,14,36,48,0.00551520148550111
tfidf_xgb_implicit_hate_test200,emb_umap_head_logreg_implicit_hate_traintier5000,57,30,18,85,48,0.11140289106101878
emb_umap_head_knn_implicit_hate_trainseed100_tes,tfidf_xgb_implicit_hate_test200,68,28,19,75,47,0.24296021728332556
google_genai_gemma3_4b_implicit_hate_bs10_trains,emb_umap_head_knn_implicit_hate_trainseed100_tes,82,33,14,61,47,0.007942726509483574
emb_umap_head_xgb_implicit_hate_trainseed100_tes,emb_umap_head_logreg_implicit_hate_traintier5000,60,32,15,83,47,0.018623836615006432
emb_umap_head_knn_implicit_hate_trainseed100_tes,emb_umap_head_logreg_implicit_hate_traintier5000,62,34,13,81,47,0.0030876764615186394
google_genai_gemini31_flash_think_low_implicit_h,google_genai_gemma3_27b_implicit_hate_bs3_trains,114,28,19,29,47,0.24296021728332556
google_genai_gemma3_27b_implicit_hate_bs3_trains,emb_umap_head_xgb_implicit_hate_traintier5000_te,99,34,13,44,47,0.0030876764615186394
google_genai_gemma3_27b_implicit_hate_bs10_train,google_genai_gemma3_4b_implicit_hate_bs5_trainse,99,41,6,44,47,1.7716986633331544e-07
setfit_implicit_hate_trainseed100_test200,emb_umap_head_knn_implicit_hate_traintier5000_te,90,30,17,53,47,0.07894069368148846
google_genai_gemma3_27b_implicit_hate_bs5_trains,google_genai_gemma3_4b_implicit_hate_bs5_trainse,97,38,8,47,46,9.24769992138863e-06
emb_umap_head_knn_implicit_hate_traintier5000_te,emb_umap_head_knn_implicit_hate_trainseed100_tes,79,28,17,66,45,0.1351564508456704
emb_umap_head_xgb_implicit_hate_traintier5000_te,emb_umap_head_knn_implicit_hate_trainseed100_tes,82,30,14,64,44,0.022628841205914796
tfidf_xgb_implicit_hate_test200,emb_umap_head_logreg_implicit_hate_trainseed100_,64,23,21,82,44,0.880395821280672
google_genai_gemma3_4b_implicit_hate_bs5_trainse,emb_umap_head_knn_implicit_hate_trainseed100_tes,79,26,17,68,43,0.2220528201560228
google_genai_gemini31_flash_think_low_implicit_h,google_genai_gemma3_27b_implicit_hate_bs5_trains,117,25,18,30,43,0.3603776529357674
google_genai_gemini31_flash_think_low_implicit_h,google_genai_gemma3_27b_implicit_hate_bs10_train,120,22,20,28,42,0.8776143287523154
emb_umap_head_logreg_implicit_hate_trainseed100_,emb_umap_head_logreg_implicit_hate_traintier5000,60,25,15,90,40,0.1538599441628321
google_genai_gemma3_27b_implicit_hate_bs3_trains,google_genai_gemma3_4b_implicit_hate_bs5_trainse,99,34,6,51,40,8.364584573428147e-06
google_genai_gemma3_27b_implicit_hate_bs5_trains,google_genai_gemma3_4b_implicit_hate_bs3_trainse,106,29,10,45,39,0.0033778479119064286
google_genai_gemma3_27b_implicit_hate_bs10_train,google_genai_gemma3_4b_implicit_hate_bs3_trainse,109,31,7,43,38,0.00011616700794547796
google_genai_gemma3_27b_implicit_hate_bs10_train,google_genai_gemma3_4b_implicit_hate_bs10_trains,109,31,6,44,37,4.12575900554657e-05
google_genai_gemma3_27b_implicit_hate_bs3_trains,google_genai_gemma3_4b_implicit_hate_bs3_trainse,106,27,10,47,37,0.007632078602910042
emb_umap_head_logreg_implicit_hate_traintier5000,svm_implicit_hate_test200,57,18,18,97,36,1.0
tfidf_xgb_implicit_hate_test200,svm_implicit_hate_test200,63,24,12,91,36,0.06524533522315325
emb_umap_head_xgb_implicit_hate_trainseed100_tes,svm_implicit_hate_test200,66,26,9,89,35,0.005988120567053557
google_genai_gemma3_27b_implicit_hate_bs5_trains,google_genai_gemma3_4b_implicit_hate_bs10_trains,108,27,7,48,34,0.0008213953115046024
google_genai_gemma3_4b_implicit_hate_bs3_trainse,google_genai_gemma3_4b_implicit_hate_bs5_trainse,95,21,10,64,31,0.07075554598122835
emb_umap_head_knn_implicit_hate_trainseed100_tes,emb_umap_head_xgb_implicit_hate_trainseed100_tes,79,17,13,81,30,0.5846647117286922
emb_umap_head_knn_implicit_hate_trainseed100_tes,svm_implicit_hate_test200,71,25,4,90,29,0.00010371580719947815
emb_umap_head_xgb_implicit_hate_traintier5000_te,emb_umap_head_knn_implicit_hate_traintier5000_te,95,17,12,66,29,0.45825831964612007
google_genai_gemma3_27b_implicit_hate_bs3_trains,google_genai_gemma3_4b_implicit_hate_bs10_trains,110,23,5,52,28,0.0009122341871261597
google_genai_gemma3_4b_implicit_hate_bs3_trainse,google_genai_gemma3_4b_implicit_hate_bs10_trains,102,14,13,61,27,1.0
emb_umap_head_logreg_implicit_hate_trainseed100_,svm_implicit_hate_test200,67,18,8,97,26,0.07551869750022888
emb_umap_head_knn_implicit_hate_trainseed100_tes,emb_umap_head_logreg_implicit_hate_trainseed100_,78,18,7,87,25,0.043285250663757324
emb_umap_head_xgb_implicit_hate_trainseed100_tes,emb_umap_head_logreg_implicit_hate_trainseed100_,77,15,8,90,23,0.21003961563110352
google_genai_gemma3_4b_implicit_hate_bs10_trains,google_genai_gemma3_4b_implicit_hate_bs5_trainse,100,15,5,70,20,0.04138946533203125
google_genai_gemini31_flash_think_low_implicit_h,google_genai_gemma4_31b_think_high_implicit_hate,134,8,12,36,20,0.5034446716308594
google_genai_gemma4_31b_think_high_implicit_hate,google_genai_gemini31_flash_think_high_implicit_,137,9,7,37,16,0.803619384765625
google_genai_gemini31_flash_think_low_implicit_h,self_debate_gemini31_flash_think_high_implicit_h,136,6,7,41,13,1.0
multilabel_gemini31_flash_think_high_implicit_ha,google_genai_gemma4_31b_think_high_implicit_hate,139,6,7,38,13,1.0
google_genai_gemma4_31b_think_high_implicit_hate,self_debate_gemini31_flash_think_high_implicit_h,138,8,5,39,13,0.5810546875
google_genai_gemini31_flash_think_low_implicit_h,google_genai_gemini31_flash_think_high_implicit_,137,5,7,41,12,0.7744140625
multilabel_gemini31_flash_think_high_implicit_ha,self_debate_gemini31_flash_think_high_implicit_h,139,6,4,41,10,0.75390625
google_genai_gemini31_flash_think_low_implicit_h,multilabel_gemini31_flash_think_high_implicit_ha,139,3,6,42,9,0.5078125
multilabel_gemini31_flash_think_high_implicit_ha,google_genai_gemini31_flash_think_high_implicit_,140,5,4,41,9,1.0
google_genai_gemma3_27b_implicit_hate_bs10_train,google_genai_gemma3_27b_implicit_hate_bs3_trains,132,8,1,49,9,0.0390625
google_genai_gemma3_27b_implicit_hate_bs5_trains,google_genai_gemma3_27b_implicit_hate_bs3_trains,130,5,3,52,8,0.7265625
google_genai_gemini31_flash_think_high_implicit_,self_debate_gemini31_flash_think_high_implicit_h,141,3,2,44,5,1.0
google_genai_gemma3_27b_implicit_hate_bs10_train,google_genai_gemma3_27b_implicit_hate_bs5_trains,135,5,0,50,5,0.0625
